SkyRC MC5000 Charge Analyzer,Firmware V1.08,,,,,,
Program,Discharge Test,Cut-off Voltage,2.80V,Discharge Current,1.00A,,
Time(s),Slot,Mode,Voltage(V),Current(A),Capacity(mAh),IR(mOhm),Temp(C)
0,1,DSC,4.129,1.00,0.0,24.8,23.2
0,2,DSC,4.119,1.00,0.0,31.7,22.9
0,3,DSC,4.121,1.00,0.0,32.5,23.3
0,4,DSC,4.064,1.00,0.0,88.1,23.2
60,1,DSC,4.115,1.00,16.7,24.2,22.7
60,2,DSC,4.105,1.00,16.7,31.4,23.4
60,3,DSC,4.117,1.00,16.7,32.3,22.5
60,4,DSC,4.046,1.00,16.7,87.4,23.1
120,1,DSC,4.103,1.00,33.3,25.1,23.1
120,2,DSC,4.091,1.00,33.3,32.5,22.7
120,3,DSC,4.095,1.00,33.3,32.3,22.7
120,4,DSC,4.031,1.00,33.3,87.4,23.1
180,1,DSC,4.093,1.00,50.0,25.0,23.6
180,2,DSC,4.081,1.00,50.0,32.5,23.2
180,3,DSC,4.075,1.00,50.0,32.6,23.1
180,4,DSC,4.032,1.00,50.0,88.1,22.5
240,1,DSC,4.084,1.00,66.7,23.1,23.1
240,2,DSC,4.063,1.00,66.7,31.9,23.6
240,3,DSC,4.068,1.00,66.7,33.8,23.0
240,4,DSC,4.016,1.00,66.7,88.6,22.9
300,1,DSC,4.070,1.00,83.3,24.3,23.2
300,2,DSC,4.054,1.00,83.3,31.1,23.1
300,3,DSC,4.048,1.00,83.3,32.6,23.0
300,4,DSC,3.994,1.00,83.3,88.1,23.0
360,1,DSC,4.058,1.00,100.0,24.2,23.3
360,2,DSC,4.049,1.00,100.0,31.2,23.4
360,3,DSC,4.033,1.00,100.0,32.8,23.2
360,4,DSC,3.982,1.00,100.0,87.8,23.7
420,1,DSC,4.038,1.00,116.7,24.0,23.2
420,2,DSC,4.031,1.00,116.7,32.2,22.9
420,3,DSC,4.019,1.00,116.7,32.7,23.7
420,4,DSC,3.967,1.00,116.7,87.0,23.4
480,1,DSC,4.030,1.00,133.3,25.1,23.3
480,2,DSC,4.012,1.00,133.3,34.0,23.6
480,3,DSC,4.021,1.00,133.3,32.3,23.5
480,4,DSC,3.957,1.00,133.3,88.6,23.2
540,1,DSC,4.019,1.00,150.0,25.0,22.9
540,2,DSC,4.004,1.00,150.0,33.4,22.9
540,3,DSC,3.999,1.00,150.0,32.6,23.2
540,4,DSC,3.944,1.00,150.0,90.1,23.3
600,1,DSC,4.015,1.00,166.7,24.6,23.6
600,2,DSC,4.002,1.00,166.7,31.1,23.4
600,3,DSC,3.988,1.00,166.7,33.1,23.5
600,4,DSC,3.939,1.00,166.7,86.9,23.7
660,1,DSC,4.000,1.00,183.3,24.1,23.3
660,2,DSC,3.988,1.00,183.3,32.0,23.7
660,3,DSC,3.984,1.00,183.3,32.4,23.4
660,4,DSC,3.931,1.00,183.3,88.7,23.5
720,1,DSC,4.000,1.00,200.0,23.6,22.9
720,2,DSC,3.980,1.00,200.0,31.5,23.0
720,3,DSC,3.975,1.00,200.0,32.5,23.2
720,4,DSC,3.925,1.00,200.0,88.5,23.2
780,1,DSC,3.987,1.00,216.7,24.6,23.6
780,2,DSC,3.969,1.00,216.7,31.0,23.7
780,3,DSC,3.950,1.00,216.7,33.7,23.2
780,4,DSC,3.912,1.00,216.7,87.0,23.8
840,1,DSC,3.978,1.00,233.3,23.8,23.4
840,2,DSC,3.956,1.00,233.3,31.8,23.7
840,3,DSC,3.953,1.00,233.3,33.8,23.7
840,4,DSC,3.901,1.00,233.3,87.8,23.6
900,1,DSC,3.975,1.00,250.0,24.8,23.6
900,2,DSC,3.953,1.00,250.0,31.2,23.4
900,3,DSC,3.942,1.00,250.0,33.9,23.7
900,4,DSC,3.892,1.00,250.0,87.4,23.4
960,1,DSC,3.965,1.00,266.7,23.2,24.1
960,2,DSC,3.942,1.00,266.7,33.1,23.5
960,3,DSC,3.928,1.00,266.7,32.2,23.4
960,4,DSC,3.884,1.00,266.7,88.0,23.3
1020,1,DSC,3.960,1.00,283.3,23.5,23.7
1020,2,DSC,3.938,1.00,283.3,31.0,23.7
1020,3,DSC,3.925,1.00,283.3,32.7,23.7
1020,4,DSC,3.876,1.00,283.3,87.5,24.1
1080,1,DSC,3.950,1.00,300.0,24.0,23.5
1080,2,DSC,3.938,1.00,300.0,32.3,23.5
1080,3,DSC,3.918,1.00,300.0,33.1,23.7
1080,4,DSC,3.866,1.00,300.0,87.9,24.2
1140,1,DSC,3.952,1.00,316.7,23.9,23.5
1140,2,DSC,3.924,1.00,316.7,31.8,23.7
1140,3,DSC,3.915,1.00,316.7,32.4,23.5
1140,4,DSC,3.864,1.00,316.7,87.2,23.6
1200,1,DSC,3.934,1.00,333.3,24.2,23.7
1200,2,DSC,3.928,1.00,333.3,32.6,24.0
1200,3,DSC,3.906,1.00,333.3,33.3,23.7
1200,4,DSC,3.856,1.00,333.3,87.8,23.9
1260,1,DSC,3.942,1.00,350.0,24.2,23.2
1260,2,DSC,3.913,1.00,350.0,31.3,23.9
1260,3,DSC,3.898,1.00,350.0,33.2,24.1
1260,4,DSC,3.847,1.00,350.0,89.0,24.3
1320,1,DSC,3.921,1.00,366.7,25.0,23.7
1320,2,DSC,3.899,1.00,366.7,31.0,23.5
1320,3,DSC,3.900,1.00,366.7,32.6,23.5
1320,4,DSC,3.850,1.00,366.7,88.0,23.7
1380,1,DSC,3.925,1.00,383.3,25.1,23.9
1380,2,DSC,3.904,1.00,383.3,31.1,24.0
1380,3,DSC,3.887,1.00,383.3,32.9,24.3
1380,4,DSC,3.838,1.00,383.3,88.4,23.7
1440,1,DSC,3.913,1.00,400.0,24.1,23.7
1440,2,DSC,3.899,1.00,400.0,32.1,23.5
1440,3,DSC,3.879,1.00,400.0,33.1,23.7
1440,4,DSC,3.831,1.00,400.0,87.8,23.8
1500,1,DSC,3.916,1.00,416.7,22.8,23.3
1500,2,DSC,3.885,1.00,416.7,32.2,24.1
1500,3,DSC,3.872,1.00,416.7,32.4,23.3
1500,4,DSC,3.826,1.00,416.7,89.8,23.9
1560,1,DSC,3.901,1.00,433.3,24.0,23.8
1560,2,DSC,3.878,1.00,433.3,30.9,23.8
1560,3,DSC,3.874,1.00,433.3,33.3,23.9
1560,4,DSC,3.817,1.00,433.3,88.8,23.9
1620,1,DSC,3.895,1.00,450.0,24.4,23.8
1620,2,DSC,3.882,1.00,450.0,31.5,22.9
1620,3,DSC,3.863,1.00,450.0,31.5,24.3
1620,4,DSC,3.813,1.00,450.0,86.3,23.6
1680,1,DSC,3.898,1.00,466.7,25.3,24.0
1680,2,DSC,3.873,1.00,466.7,31.5,23.9
1680,3,DSC,3.857,1.00,466.7,32.2,23.7
1680,4,DSC,3.799,1.00,466.7,88.1,24.1
1740,1,DSC,3.889,1.00,483.3,25.8,23.6
1740,2,DSC,3.863,1.00,483.3,30.9,23.6
1740,3,DSC,3.843,1.00,483.3,33.3,24.4
1740,4,DSC,3.797,1.00,483.3,87.6,23.7
1800,1,DSC,3.874,1.00,500.0,24.4,24.2
1800,2,DSC,3.858,1.00,500.0,32.7,23.9
1800,3,DSC,3.845,1.00,500.0,32.3,23.8
1800,4,DSC,3.793,1.00,500.0,87.7,24.0
1860,1,DSC,3.872,1.00,516.7,24.3,24.1
1860,2,DSC,3.858,1.00,516.7,31.7,23.8
1860,3,DSC,3.839,1.00,516.7,32.7,23.9
1860,4,DSC,3.791,1.00,516.7,89.3,23.7
1920,1,DSC,3.867,1.00,533.3,25.6,23.6
1920,2,DSC,3.841,1.00,533.3,32.0,23.9
1920,3,DSC,3.832,1.00,533.3,33.9,23.7
1920,4,DSC,3.783,1.00,533.3,87.1,24.3
1980,1,DSC,3.864,1.00,550.0,23.9,23.9
1980,2,DSC,3.843,1.00,550.0,32.2,24.0
1980,3,DSC,3.825,1.00,550.0,32.3,23.7
1980,4,DSC,3.778,1.00,550.0,87.6,24.2
2040,1,DSC,3.858,1.00,566.7,24.3,23.6
2040,2,DSC,3.828,1.00,566.7,31.8,23.9
2040,3,DSC,3.817,1.00,566.7,31.3,24.1
2040,4,DSC,3.775,1.00,566.7,87.3,23.7
2100,1,DSC,3.860,1.00,583.3,24.3,24.0
2100,2,DSC,3.827,1.00,583.3,32.6,24.3
2100,3,DSC,3.819,1.00,583.3,33.7,24.5
2100,4,DSC,3.763,1.00,583.3,87.1,24.2
2160,1,DSC,3.848,1.00,600.0,24.4,24.0
2160,2,DSC,3.829,1.00,600.0,31.9,24.0
2160,3,DSC,3.810,1.00,600.0,32.1,23.9
2160,4,DSC,3.759,1.00,600.0,87.8,24.8
2220,1,DSC,3.843,1.00,616.7,24.6,24.2
2220,2,DSC,3.820,1.00,616.7,32.3,24.5
2220,3,DSC,3.794,1.00,616.7,33.3,24.6
2220,4,DSC,3.754,1.00,616.7,88.7,23.9
2280,1,DSC,3.843,1.00,633.3,24.4,23.6
2280,2,DSC,3.819,1.00,633.3,32.6,24.0
2280,3,DSC,3.797,1.00,633.3,32.0,24.2
2280,4,DSC,3.755,1.00,633.3,88.2,23.9
2340,1,DSC,3.834,1.00,650.0,23.8,23.9
2340,2,DSC,3.818,1.00,650.0,32.7,24.5
2340,3,DSC,3.788,1.00,650.0,32.2,24.3
2340,4,DSC,3.747,1.00,650.0,88.2,24.7
2400,1,DSC,3.834,1.00,666.7,25.3,24.0
2400,2,DSC,3.804,1.00,666.7,30.5,24.2
2400,3,DSC,3.789,1.00,666.7,32.5,24.5
2400,4,DSC,3.740,1.00,666.7,89.5,24.5
2460,1,DSC,3.821,1.00,683.3,23.6,24.4
2460,2,DSC,3.794,1.00,683.3,32.5,24.6
2460,3,DSC,3.779,1.00,683.3,32.0,24.1
2460,4,DSC,3.732,1.00,683.3,89.0,24.7
2520,1,DSC,3.821,1.00,700.0,23.7,24.2
2520,2,DSC,3.795,1.00,700.0,32.8,24.0
2520,3,DSC,3.775,1.00,700.0,33.4,24.5
2520,4,DSC,3.734,1.00,700.0,87.7,24.0
2580,1,DSC,3.820,1.00,716.7,24.5,24.0
2580,2,DSC,3.797,1.00,716.7,33.3,24.7
2580,3,DSC,3.764,1.00,716.7,32.1,24.8
2580,4,DSC,3.722,1.00,716.7,88.2,24.2
2640,1,DSC,3.811,1.00,733.3,24.5,23.7
2640,2,DSC,3.786,1.00,733.3,32.7,23.4
2640,3,DSC,3.770,1.00,733.3,31.2,24.5
2640,4,DSC,3.718,1.00,733.3,87.7,24.5
2700,1,DSC,3.807,1.00,750.0,24.3,24.5
2700,2,DSC,3.780,1.00,750.0,32.9,24.6
2700,3,DSC,3.761,1.00,750.0,32.5,24.6
2700,4,DSC,3.712,1.00,750.0,89.0,24.9
2760,1,DSC,3.797,1.00,766.7,24.2,24.2
2760,2,DSC,3.773,1.00,766.7,30.9,24.9
2760,3,DSC,3.756,1.00,766.7,32.5,24.6
2760,4,DSC,3.709,1.00,766.7,87.7,24.7
2820,1,DSC,3.798,1.00,783.3,24.7,23.8
2820,2,DSC,3.780,1.00,783.3,32.2,24.1
2820,3,DSC,3.757,1.00,783.3,32.1,24.5
2820,4,DSC,3.710,1.00,783.3,88.0,24.6
2880,1,DSC,3.790,1.00,800.0,24.3,25.0
2880,2,DSC,3.760,1.00,800.0,31.9,24.3
2880,3,DSC,3.746,1.00,800.0,32.4,24.7
2880,4,DSC,3.705,1.00,800.0,88.4,24.5
2940,1,DSC,3.788,1.00,816.7,23.6,24.7
2940,2,DSC,3.765,1.00,816.7,31.9,24.4
2940,3,DSC,3.742,1.00,816.7,34.4,24.8
2940,4,DSC,3.693,1.00,816.7,88.2,24.7
3000,1,DSC,3.782,1.00,833.3,24.9,24.7
3000,2,DSC,3.747,1.00,833.3,31.3,24.1
3000,3,DSC,3.736,1.00,833.3,31.6,24.3
3000,4,DSC,3.691,1.00,833.3,87.5,23.9
3060,1,DSC,3.780,1.00,850.0,25.1,24.8
3060,2,DSC,3.753,1.00,850.0,32.3,24.5
3060,3,DSC,3.716,1.00,850.0,32.3,24.5
3060,4,DSC,3.677,1.00,850.0,87.9,24.6
3120,1,DSC,3.773,1.00,866.7,25.4,23.7
3120,2,DSC,3.748,1.00,866.7,32.1,24.4
3120,3,DSC,3.723,1.00,866.7,33.2,24.7
3120,4,DSC,3.688,1.00,866.7,88.8,24.4
3180,1,DSC,3.773,1.00,883.3,23.1,24.5
3180,2,DSC,3.746,1.00,883.3,31.4,25.2
3180,3,DSC,3.718,1.00,883.3,32.1,24.7
3180,4,DSC,3.670,1.00,883.3,88.0,24.5
3240,1,DSC,3.768,1.00,900.0,23.7,24.7
3240,2,DSC,3.732,1.00,900.0,31.7,24.6
3240,3,DSC,3.709,1.00,900.0,31.9,25.2
3240,4,DSC,3.670,1.00,900.0,88.0,25.0
3300,1,DSC,3.760,1.00,916.7,24.0,24.7
3300,2,DSC,3.736,1.00,916.7,32.1,24.6
3300,3,DSC,3.708,1.00,916.7,33.4,24.5
3300,4,DSC,3.667,1.00,916.7,87.0,25.0
3360,1,DSC,3.748,1.00,933.3,25.1,24.4
3360,2,DSC,3.726,1.00,933.3,33.1,24.9
3360,3,DSC,3.710,1.00,933.3,32.7,25.0
3360,4,DSC,3.663,1.00,933.3,89.3,25.3
3420,1,DSC,3.750,1.00,950.0,24.4,24.7
3420,2,DSC,3.724,1.00,950.0,31.2,25.2
3420,3,DSC,3.704,1.00,950.0,34.0,25.0
3420,4,DSC,3.649,1.00,950.0,86.5,25.2
3480,1,DSC,3.746,1.00,966.7,24.7,24.6
3480,2,DSC,3.728,1.00,966.7,33.2,25.1
3480,3,DSC,3.709,1.00,966.7,33.3,25.5
3480,4,DSC,3.655,1.00,966.7,87.4,24.9
3540,1,DSC,3.747,1.00,983.3,23.3,24.0
3540,2,DSC,3.721,1.00,983.3,32.6,25.0
3540,3,DSC,3.690,1.00,983.3,32.0,25.3
3540,4,DSC,3.651,1.00,983.3,86.9,25.0
3600,1,DSC,3.739,1.00,1000.0,24.3,25.4
3600,2,DSC,3.711,1.00,1000.0,30.9,24.6
3600,3,DSC,3.686,1.00,1000.0,32.5,25.2
3600,4,DSC,3.642,1.00,1000.0,89.1,25.3
3660,1,DSC,3.738,1.00,1016.7,23.8,25.0
3660,2,DSC,3.707,1.00,1016.7,32.6,25.3
3660,3,DSC,3.683,1.00,1016.7,32.5,24.7
3660,4,DSC,3.644,1.00,1016.7,87.8,24.9
3720,1,DSC,3.733,1.00,1033.3,25.2,25.0
3720,2,DSC,3.705,1.00,1033.3,32.0,24.6
3720,3,DSC,3.678,1.00,1033.3,32.4,25.2
3720,4,DSC,3.635,1.00,1033.3,86.9,24.5
3780,1,DSC,3.729,1.00,1050.0,24.4,24.4
3780,2,DSC,3.700,1.00,1050.0,31.7,25.1
3780,3,DSC,3.667,1.00,1050.0,31.7,25.4
3780,4,DSC,3.626,1.00,1050.0,89.0,25.3
3840,1,DSC,3.730,1.00,1066.7,24.1,25.2
3840,2,DSC,3.703,1.00,1066.7,32.3,24.9
3840,3,DSC,3.675,1.00,1066.7,33.2,25.1
3840,4,DSC,3.630,1.00,1066.7,89.2,25.2
3900,1,DSC,3.723,1.00,1083.3,24.2,25.2
3900,2,DSC,3.692,1.00,1083.3,33.2,24.9
3900,3,DSC,3.663,1.00,1083.3,32.3,25.4
3900,4,DSC,3.622,1.00,1083.3,87.8,25.1
3960,1,DSC,3.719,1.00,1100.0,24.7,24.8
3960,2,DSC,3.693,1.00,1100.0,31.1,24.8
3960,3,DSC,3.663,1.00,1100.0,32.7,25.0
3960,4,DSC,3.622,1.00,1100.0,86.8,25.4
4020,1,DSC,3.714,1.00,1116.7,24.1,24.9
4020,2,DSC,3.680,1.00,1116.7,32.2,25.2
4020,3,DSC,3.657,1.00,1116.7,32.0,25.4
4020,4,DSC,3.613,1.00,1116.7,88.8,25.2
4080,1,DSC,3.708,1.00,1133.3,24.7,24.7
4080,2,DSC,3.679,1.00,1133.3,32.5,25.3
4080,3,DSC,3.655,1.00,1133.3,31.9,25.1
4080,4,DSC,3.612,1.00,1133.3,88.1,25.9
4140,1,DSC,3.706,1.00,1150.0,25.0,24.8
4140,2,DSC,3.682,1.00,1150.0,33.0,25.0
4140,3,DSC,3.645,1.00,1150.0,32.5,25.8
4140,4,DSC,3.599,1.00,1150.0,87.8,25.4
4200,1,DSC,3.703,1.00,1166.7,23.6,25.2
4200,2,DSC,3.673,1.00,1166.7,31.8,25.2
4200,3,DSC,3.646,1.00,1166.7,32.7,24.9
4200,4,DSC,3.597,1.00,1166.7,87.3,25.4
4260,1,DSC,3.698,1.00,1183.3,24.4,25.0
4260,2,DSC,3.667,1.00,1183.3,32.7,25.3
4260,3,DSC,3.645,1.00,1183.3,33.4,25.5
4260,4,DSC,3.597,1.00,1183.3,88.0,25.6
4320,1,DSC,3.697,1.00,1200.0,23.7,24.9
4320,2,DSC,3.663,1.00,1200.0,31.4,25.3
4320,3,DSC,3.635,1.00,1200.0,33.1,25.1
4320,4,DSC,3.594,1.00,1200.0,88.5,25.9
4380,1,DSC,3.694,1.00,1216.7,23.2,25.4
4380,2,DSC,3.664,1.00,1216.7,32.1,25.3
4380,3,DSC,3.628,1.00,1216.7,32.6,25.2
4380,4,DSC,3.588,1.00,1216.7,87.5,24.7
4440,1,DSC,3.687,1.00,1233.3,24.6,24.7
4440,2,DSC,3.656,1.00,1233.3,31.6,25.2
4440,3,DSC,3.625,1.00,1233.3,33.4,25.2
4440,4,DSC,3.588,1.00,1233.3,88.6,26.1
4500,1,DSC,3.680,1.00,1250.0,23.8,25.3
4500,2,DSC,3.649,1.00,1250.0,32.4,25.7
4500,3,DSC,3.624,1.00,1250.0,32.9,25.7
4500,4,DSC,3.585,1.00,1250.0,87.7,25.3
4560,1,DSC,3.682,1.00,1266.7,23.8,25.3
4560,2,DSC,3.647,1.00,1266.7,32.5,25.0
4560,3,DSC,3.619,1.00,1266.7,33.6,25.6
4560,4,DSC,3.577,1.00,1266.7,87.9,25.6
4620,1,DSC,3.678,1.00,1283.3,23.6,25.9
4620,2,DSC,3.649,1.00,1283.3,31.9,25.3
4620,3,DSC,3.620,1.00,1283.3,32.5,26.2
4620,4,DSC,3.579,1.00,1283.3,88.7,25.6
4680,1,DSC,3.679,1.00,1300.0,24.8,25.2
4680,2,DSC,3.646,1.00,1300.0,31.0,25.3
4680,3,DSC,3.622,1.00,1300.0,33.9,25.6
4680,4,DSC,3.571,1.00,1300.0,87.8,25.3
4740,1,DSC,3.667,1.00,1316.7,23.9,24.7
4740,2,DSC,3.640,1.00,1316.7,31.8,25.6
4740,3,DSC,3.619,1.00,1316.7,33.6,25.4
4740,4,DSC,3.569,1.00,1316.7,88.1,25.8
4800,1,DSC,3.668,1.00,1333.3,24.3,25.0
4800,2,DSC,3.634,1.00,1333.3,32.5,25.2
4800,3,DSC,3.606,1.00,1333.3,32.8,25.8
4800,4,DSC,3.565,1.00,1333.3,88.1,25.6
4860,1,DSC,3.661,1.00,1350.0,25.2,24.6
4860,2,DSC,3.631,1.00,1350.0,30.9,25.5
4860,3,DSC,3.600,1.00,1350.0,32.7,26.3
4860,4,DSC,3.556,1.00,1350.0,87.5,25.4
4920,1,DSC,3.662,1.00,1366.7,25.1,24.9
4920,2,DSC,3.626,1.00,1366.7,30.5,25.6
4920,3,DSC,3.601,1.00,1366.7,31.4,25.6
4920,4,DSC,3.553,1.00,1366.7,87.4,25.5
4980,1,DSC,3.659,1.00,1383.3,24.6,25.3
4980,2,DSC,3.626,1.00,1383.3,31.0,25.9
4980,3,DSC,3.594,1.00,1383.3,34.2,25.7
4980,4,DSC,3.555,1.00,1383.3,87.3,25.6
5040,1,DSC,3.653,1.00,1400.0,23.8,25.1
5040,2,DSC,3.616,1.00,1400.0,31.3,26.3
5040,3,DSC,3.591,1.00,1400.0,33.0,25.4
5040,4,DSC,3.542,1.00,1400.0,88.2,25.9
5100,1,DSC,3.649,1.00,1416.7,25.4,25.4
5100,2,DSC,3.615,1.00,1416.7,31.0,25.4
5100,3,DSC,3.588,1.00,1416.7,32.6,26.2
5100,4,DSC,3.543,1.00,1416.7,88.9,26.1
5160,1,DSC,3.645,1.00,1433.3,25.0,24.7
5160,2,DSC,3.610,1.00,1433.3,32.6,26.1
5160,3,DSC,3.579,1.00,1433.3,32.8,25.9
5160,4,DSC,3.531,1.00,1433.3,87.7,26.1
5220,1,DSC,3.648,1.00,1450.0,24.8,25.5
5220,2,DSC,3.604,1.00,1450.0,32.0,25.7
5220,3,DSC,3.582,1.00,1450.0,33.6,25.4
5220,4,DSC,3.534,1.00,1450.0,87.1,26.0
5280,1,DSC,3.640,1.00,1466.7,23.6,25.6
5280,2,DSC,3.604,1.00,1466.7,31.6,26.1
5280,3,DSC,3.576,1.00,1466.7,31.8,26.1
5280,4,DSC,3.530,1.00,1466.7,89.0,25.7
5340,1,DSC,3.638,1.00,1483.3,25.1,25.4
5340,2,DSC,3.601,1.00,1483.3,32.9,25.9
5340,3,DSC,3.569,1.00,1483.3,32.4,25.9
5340,4,DSC,3.522,1.00,1483.3,87.5,25.5
5400,1,DSC,3.629,1.00,1500.0,23.5,25.3
5400,2,DSC,3.594,1.00,1500.0,32.7,25.9
5400,3,DSC,3.559,1.00,1500.0,32.8,26.2
5400,4,DSC,3.525,1.00,1500.0,88.5,25.5
5460,1,DSC,3.634,1.00,1516.7,23.6,26.2
5460,2,DSC,3.592,1.00,1516.7,31.3,26.2
5460,3,DSC,3.560,1.00,1516.7,31.8,26.1
5460,4,DSC,3.518,1.00,1516.7,88.0,26.1
5520,1,DSC,3.625,1.00,1533.3,23.4,25.7
5520,2,DSC,3.587,1.00,1533.3,34.0,25.7
5520,3,DSC,3.558,1.00,1533.3,33.7,25.4
5520,4,DSC,3.514,1.00,1533.3,89.1,25.9
5580,1,DSC,3.622,1.00,1550.0,24.1,26.1
5580,2,DSC,3.584,1.00,1550.0,31.4,26.2
5580,3,DSC,3.543,1.00,1550.0,32.4,26.3
5580,4,DSC,3.516,1.00,1550.0,88.1,25.7
5640,1,DSC,3.622,1.00,1566.7,25.4,25.9
5640,2,DSC,3.579,1.00,1566.7,31.7,25.9
5640,3,DSC,3.552,1.00,1566.7,33.1,26.0
5640,4,DSC,3.507,1.00,1566.7,89.0,26.3
5700,1,DSC,3.612,1.00,1583.3,24.6,25.5
5700,2,DSC,3.574,1.00,1583.3,32.4,26.1
5700,3,DSC,3.541,1.00,1583.3,33.1,26.5
5700,4,DSC,3.500,1.00,1583.3,88.4,25.8
5760,1,DSC,3.615,1.00,1600.0,23.9,25.5
5760,2,DSC,3.575,1.00,1600.0,33.7,26.0
5760,3,DSC,3.539,1.00,1600.0,32.8,26.6
5760,4,DSC,3.495,1.00,1600.0,88.1,25.9
5820,1,DSC,3.606,1.00,1616.7,23.7,25.9
5820,2,DSC,3.565,1.00,1616.7,32.2,26.3
5820,3,DSC,3.534,1.00,1616.7,34.0,26.4
5820,4,DSC,3.493,1.00,1616.7,87.8,26.2
5880,1,DSC,3.599,1.00,1633.3,24.0,25.7
5880,2,DSC,3.570,1.00,1633.3,31.9,26.2
5880,3,DSC,3.536,1.00,1633.3,32.2,26.1
5880,4,DSC,3.486,1.00,1633.3,87.1,26.2
5940,1,DSC,3.602,1.00,1650.0,23.6,26.5
5940,2,DSC,3.558,1.00,1650.0,32.0,26.3
5940,3,DSC,3.524,1.00,1650.0,32.7,26.0
5940,4,DSC,3.489,1.00,1650.0,87.3,26.6
6000,1,DSC,3.596,1.00,1666.7,25.5,25.8
6000,2,DSC,3.561,1.00,1666.7,31.4,26.1
6000,3,DSC,3.520,1.00,1666.7,33.4,26.6
6000,4,DSC,3.484,1.00,1666.7,87.2,26.3
6060,1,DSC,3.596,1.00,1683.3,23.9,26.5
6060,2,DSC,3.552,1.00,1683.3,31.9,26.2
6060,3,DSC,3.514,1.00,1683.3,32.4,26.5
6060,4,DSC,3.478,1.00,1683.3,87.6,26.6
6120,1,DSC,3.595,1.00,1700.0,23.7,25.9
6120,2,DSC,3.551,1.00,1700.0,32.8,26.3
6120,3,DSC,3.513,1.00,1700.0,31.5,25.8
6120,4,DSC,3.472,1.00,1700.0,87.8,26.5
6180,1,DSC,3.585,1.00,1716.7,23.3,25.9
6180,2,DSC,3.548,1.00,1716.7,32.2,26.3
6180,3,DSC,3.502,1.00,1716.7,32.5,26.8
6180,4,DSC,3.469,1.00,1716.7,88.0,26.8
6240,1,DSC,3.582,1.00,1733.3,22.8,25.8
6240,2,DSC,3.541,1.00,1733.3,31.8,26.3
6240,3,DSC,3.504,1.00,1733.3,32.7,26.7
6240,4,DSC,3.472,1.00,1733.3,87.4,26.2
6300,1,DSC,3.574,1.00,1750.0,24.8,25.9
6300,2,DSC,3.538,1.00,1750.0,32.3,26.1
6300,3,DSC,3.496,1.00,1750.0,32.0,26.5
6300,4,DSC,3.464,1.00,1750.0,88.3,26.2
6360,1,DSC,3.581,1.00,1766.7,23.1,26.0
6360,2,DSC,3.532,1.00,1766.7,31.3,26.5
6360,3,DSC,3.485,1.00,1766.7,32.2,26.4
6360,4,DSC,3.462,1.00,1766.7,88.3,26.5
6420,1,DSC,3.571,1.00,1783.3,24.2,25.9
6420,2,DSC,3.522,1.00,1783.3,32.5,26.4
6420,3,DSC,3.482,1.00,1783.3,32.9,26.1
6420,4,DSC,3.450,1.00,1783.3,88.9,27.4
6480,1,DSC,3.565,1.00,1800.0,24.4,26.1
6480,2,DSC,3.531,1.00,1800.0,32.9,26.7
6480,3,DSC,3.473,1.00,1800.0,33.1,26.8
6480,4,DSC,3.441,1.00,1800.0,88.5,26.3
6540,1,DSC,3.567,1.00,1816.7,23.7,26.5
6540,2,DSC,3.525,1.00,1816.7,33.0,26.9
6540,3,DSC,3.460,1.00,1816.7,33.0,26.5
6540,4,DSC,3.440,1.00,1816.7,87.5,26.0
6600,1,DSC,3.562,1.00,1833.3,23.6,26.4
6600,2,DSC,3.525,1.00,1833.3,31.8,26.2
6600,3,DSC,3.467,1.00,1833.3,32.8,26.5
6600,4,DSC,3.429,1.00,1833.3,88.1,26.6
6660,1,DSC,3.558,1.00,1850.0,24.8,26.3
6660,2,DSC,3.507,1.00,1850.0,32.0,26.6
6660,3,DSC,3.462,1.00,1850.0,33.0,26.8
6660,4,DSC,3.426,1.00,1850.0,88.7,26.7
6720,1,DSC,3.560,1.00,1866.7,24.6,25.5
6720,2,DSC,3.504,1.00,1866.7,31.1,27.0
6720,3,DSC,3.458,1.00,1866.7,33.3,26.5
6720,4,DSC,3.419,1.00,1866.7,87.1,27.2
6780,1,DSC,3.555,1.00,1883.3,23.5,26.0
6780,2,DSC,3.506,1.00,1883.3,32.0,27.2
6780,3,DSC,3.442,1.00,1883.3,33.7,26.9
6780,4,DSC,3.416,1.00,1883.3,89.2,26.7
6840,1,DSC,3.552,1.00,1900.0,24.0,26.5
6840,2,DSC,3.491,1.00,1900.0,31.3,26.7
6840,3,DSC,3.439,1.00,1900.0,31.9,26.8
6840,4,DSC,3.407,1.00,1900.0,87.0,26.4
6900,1,DSC,3.539,1.00,1916.7,24.2,26.7
6900,2,DSC,3.486,1.00,1916.7,32.3,26.6
6900,3,DSC,3.432,1.00,1916.7,33.9,27.1
6900,4,DSC,3.405,1.00,1916.7,88.3,27.3
6960,1,DSC,3.543,1.00,1933.3,26.0,26.0
6960,2,DSC,3.480,1.00,1933.3,31.4,26.9
6960,3,DSC,3.426,1.00,1933.3,33.9,27.2
6960,4,DSC,3.398,1.00,1933.3,87.4,26.9
7020,1,DSC,3.544,1.00,1950.0,24.7,26.5
7020,2,DSC,3.477,1.00,1950.0,32.9,27.1
7020,3,DSC,3.413,1.00,1950.0,33.7,27.4
7020,4,DSC,3.386,1.00,1950.0,88.3,26.2
7080,1,DSC,3.531,1.00,1966.7,24.0,27.1
7080,2,DSC,3.470,1.00,1966.7,32.7,26.8
7080,3,DSC,3.405,1.00,1966.7,33.3,26.6
7080,4,DSC,3.377,1.00,1966.7,88.0,27.1
7140,1,DSC,3.529,1.00,1983.3,22.7,26.5
7140,2,DSC,3.473,1.00,1983.3,32.2,26.9
7140,3,DSC,3.401,1.00,1983.3,31.8,27.5
7140,4,DSC,3.379,1.00,1983.3,87.2,27.1
7200,1,DSC,3.523,1.00,2000.0,22.9,26.0
7200,2,DSC,3.465,1.00,2000.0,32.1,26.9
7200,3,DSC,3.378,1.00,2000.0,32.6,27.4
7200,4,DSC,3.371,1.00,2000.0,88.6,27.2
7260,1,DSC,3.516,1.00,2016.7,24.3,26.5
7260,2,DSC,3.457,1.00,2016.7,31.2,26.7
7260,3,DSC,3.378,1.00,2016.7,33.1,27.2
7260,4,DSC,3.360,1.00,2016.7,87.6,27.5
7320,1,DSC,3.519,1.00,2033.3,24.3,26.7
7320,2,DSC,3.447,1.00,2033.3,32.4,26.8
7320,3,DSC,3.360,1.00,2033.3,32.9,27.1
7320,4,DSC,3.355,1.00,2033.3,87.8,26.9
7380,1,DSC,3.510,1.00,2050.0,25.0,26.5
7380,2,DSC,3.447,1.00,2050.0,31.2,26.5
7380,3,DSC,3.344,1.00,2050.0,32.3,27.6
7380,4,DSC,3.343,1.00,2050.0,87.1,27.0
7440,1,DSC,3.511,1.00,2066.7,23.7,26.6
7440,2,DSC,3.439,1.00,2066.7,32.0,26.8
7440,3,DSC,3.345,1.00,2066.7,34.1,27.2
7440,4,DSC,3.326,1.00,2066.7,88.3,27.4
7500,1,DSC,3.503,1.00,2083.3,25.0,26.3
7500,2,DSC,3.433,1.00,2083.3,31.6,27.0
7500,3,DSC,3.328,1.00,2083.3,33.1,27.5
7500,4,DSC,3.323,1.00,2083.3,86.8,27.7
7560,1,DSC,3.502,1.00,2100.0,23.8,26.5
7560,2,DSC,3.431,1.00,2100.0,32.0,27.3
7560,3,DSC,3.311,1.00,2100.0,33.5,27.3
7560,4,DSC,3.304,1.00,2100.0,87.4,27.0
7620,1,DSC,3.500,1.00,2116.7,24.2,26.7
7620,2,DSC,3.421,1.00,2116.7,31.3,27.3
7620,3,DSC,3.300,1.00,2116.7,32.6,27.2
7620,4,DSC,3.298,1.00,2116.7,89.2,27.0
7680,1,DSC,3.485,1.00,2133.3,24.7,26.8
7680,2,DSC,3.409,1.00,2133.3,31.3,27.1
7680,3,DSC,3.295,1.00,2133.3,32.8,26.9
7680,4,DSC,3.290,1.00,2133.3,88.1,26.9
7740,1,DSC,3.476,1.00,2150.0,24.1,26.4
7740,2,DSC,3.396,1.00,2150.0,32.6,27.3
7740,3,DSC,3.286,1.00,2150.0,32.4,26.8
7740,4,DSC,3.276,1.00,2150.0,88.4,26.8
7800,1,DSC,3.478,1.00,2166.7,24.4,26.8
7800,2,DSC,3.385,1.00,2166.7,30.6,27.3
7800,3,DSC,3.277,1.00,2166.7,32.6,27.8
7800,4,DSC,3.263,1.00,2166.7,88.0,27.9
7860,1,DSC,3.484,1.00,2183.3,24.2,27.2
7860,2,DSC,3.381,1.00,2183.3,32.4,27.4
7860,3,DSC,3.246,1.00,2183.3,33.1,27.7
7860,4,DSC,3.252,1.00,2183.3,87.4,27.8
7920,1,DSC,3.466,1.00,2200.0,24.7,26.4
7920,2,DSC,3.369,1.00,2200.0,31.0,27.5
7920,3,DSC,3.225,1.00,2200.0,33.9,28.1
7920,4,DSC,3.245,1.00,2200.0,88.0,27.6
7980,1,DSC,3.465,1.00,2216.7,23.8,26.7
7980,2,DSC,3.359,1.00,2216.7,33.9,26.9
7980,3,DSC,3.216,1.00,2216.7,31.6,27.4
7980,4,DSC,3.236,1.00,2216.7,86.2,27.7
8040,1,DSC,3.458,1.00,2233.3,24.5,27.2
8040,2,DSC,3.350,1.00,2233.3,31.1,26.9
8040,3,DSC,3.188,1.00,2233.3,32.3,27.5
8040,4,DSC,3.218,1.00,2233.3,87.2,27.5
8100,1,DSC,3.442,1.00,2250.0,25.2,26.7
8100,2,DSC,3.336,1.00,2250.0,32.8,27.2
8100,3,DSC,3.156,1.00,2250.0,33.2,27.8
8100,4,DSC,3.213,1.00,2250.0,88.4,27.1
8160,1,DSC,3.447,1.00,2266.7,24.5,26.5
8160,2,DSC,3.332,1.00,2266.7,32.0,26.8
8160,3,DSC,3.136,1.00,2266.7,32.4,28.3
8160,4,DSC,3.190,1.00,2266.7,87.6,27.6
8220,1,DSC,3.434,1.00,2283.3,23.9,26.8
8220,2,DSC,3.320,1.00,2283.3,32.0,27.1
8220,3,DSC,3.102,1.00,2283.3,31.9,27.7
8220,4,DSC,3.162,1.00,2283.3,86.8,27.7
8280,1,DSC,3.436,1.00,2300.0,23.5,27.2
8280,2,DSC,3.311,1.00,2300.0,31.9,27.4
8280,3,DSC,3.077,1.00,2300.0,32.2,28.1
8280,4,DSC,3.134,1.00,2300.0,89.4,28.1
8340,1,DSC,3.433,1.00,2316.7,24.7,26.9
8340,2,DSC,3.300,1.00,2316.7,32.1,27.0
8340,3,DSC,3.028,1.00,2316.7,32.3,27.7
8340,4,DSC,3.117,1.00,2316.7,87.8,27.7
8400,1,DSC,3.418,1.00,2333.3,24.2,27.1
8400,2,DSC,3.287,1.00,2333.3,32.3,27.4
8400,3,DSC,2.962,1.00,2333.3,33.4,27.5
8400,4,DSC,3.094,1.00,2333.3,88.7,27.5
8460,1,DSC,3.411,1.00,2350.0,24.5,26.6
8460,2,DSC,3.276,1.00,2350.0,32.0,27.3
8460,3,DSC,2.905,1.00,2350.0,33.6,28.0
8460,4,DSC,3.073,1.00,2350.0,88.4,27.3
8520,1,DSC,3.403,1.00,2366.7,24.6,26.5
8520,2,DSC,3.258,1.00,2366.7,32.8,27.5
8520,3,DSC,2.835,1.00,2366.7,32.6,27.8
8520,4,DSC,3.040,1.00,2366.7,88.4,28.0
8580,1,DSC,3.388,1.00,2383.3,25.0,26.8
8580,2,DSC,3.242,1.00,2383.3,32.3,27.2
8580,3,DSC,2.783,1.00,2383.3,32.7,27.4
8580,4,DSC,3.006,1.00,2383.3,89.1,27.7
8640,1,DSC,3.375,1.00,2400.0,23.5,26.8
8640,2,DSC,3.221,1.00,2400.0,31.7,27.5
8640,3,DSC,2.724,1.00,2400.0,33.1,28.4
8640,4,DSC,2.951,1.00,2400.0,88.2,27.6
8700,1,DSC,3.366,1.00,2416.7,24.1,27.2
8700,2,DSC,3.198,1.00,2416.7,32.0,28.0
8700,3,DSC,2.660,1.00,2416.7,33.0,27.6
8700,4,DSC,2.891,1.00,2416.7,87.6,27.9
8760,1,DSC,3.362,1.00,2433.3,23.9,27.2
8760,2,DSC,3.178,1.00,2433.3,31.7,27.3
8760,3,STO,2.800,0.00,2417.0,33.1,28.0
8760,4,DSC,2.843,1.00,2433.3,86.4,27.7
8820,1,DSC,3.352,1.00,2450.0,24.1,27.2
8820,2,DSC,3.158,1.00,2450.0,30.8,27.4
8820,4,DSC,2.784,1.00,2450.0,87.4,27.8
8880,1,DSC,3.339,1.00,2466.7,25.0,28.0
8880,2,DSC,3.126,1.00,2466.7,32.5,27.6
8880,4,DSC,2.725,1.00,2466.7,88.4,27.9
8940,1,DSC,3.335,1.00,2483.3,24.5,27.3
8940,2,DSC,3.107,1.00,2483.3,32.8,28.0
8940,4,DSC,2.672,1.00,2483.3,88.6,27.8
9000,1,DSC,3.321,1.00,2500.0,23.8,27.3
9000,2,DSC,3.080,1.00,2500.0,31.6,27.9
9000,4,STO,2.800,0.00,2500.0,87.8,28.3
9060,1,DSC,3.310,1.00,2516.7,25.2,28.0
9060,2,DSC,3.015,1.00,2516.7,32.6,27.7
9120,1,DSC,3.306,1.00,2533.3,23.7,27.6
9120,2,DSC,2.972,1.00,2533.3,31.6,27.9
9180,1,DSC,3.290,1.00,2550.0,24.9,27.3
9180,2,DSC,2.912,1.00,2550.0,31.9,28.0
9240,1,DSC,3.286,1.00,2566.7,25.9,27.1
9240,2,DSC,2.854,1.00,2566.7,32.4,28.1
9300,1,DSC,3.271,1.00,2583.3,24.8,27.9
9300,2,DSC,2.813,1.00,2583.3,31.1,27.6
9360,1,DSC,3.251,1.00,2600.0,22.8,27.6
9360,2,DSC,2.752,1.00,2600.0,32.2,27.8
9420,1,DSC,3.232,1.00,2616.7,23.4,27.9
9420,2,DSC,2.697,1.00,2616.7,31.8,27.9
9480,1,DSC,3.218,1.00,2633.3,23.7,27.2
9480,2,STO,2.800,0.00,2627.0,32.7,28.1
9540,1,DSC,3.192,1.00,2650.0,24.2,27.8
9600,1,DSC,3.164,1.00,2666.7,25.2,28.0
9660,1,DSC,3.157,1.00,2683.3,23.1,27.3
9720,1,DSC,3.136,1.00,2700.0,26.3,27.5
9780,1,DSC,3.104,1.00,2716.7,24.0,27.9
9840,1,DSC,3.079,1.00,2733.3,23.8,27.6
9900,1,DSC,3.031,1.00,2750.0,26.0,27.6
9960,1,DSC,2.979,1.00,2766.7,25.5,27.8
10020,1,DSC,2.926,1.00,2783.3,23.9,28.0
10080,1,DSC,2.884,1.00,2800.0,24.0,27.6
10140,1,DSC,2.828,1.00,2816.7,23.7,28.0
10200,1,DSC,2.787,1.00,2833.3,23.9,28.0
10260,1,DSC,2.740,1.00,2850.0,24.1,28.1
10320,1,DSC,2.691,1.00,2866.7,24.5,27.9
10380,1,STO,2.800,0.00,2871.0,24.2,28.1
